-- ============================================================================
--  HCR League — demo seed  (run AFTER schema.sql)
--  Populates one current season so every public page has live data to render.
--  Replace with your real data later (or I can generate this from a JSON export).
-- ============================================================================

-- Classes -------------------------------------------------------------------
insert into classes (id, name, color, sort) values
  ('GTP','GTP','#FFFFFF',0),
  ('LMP2','LMP2','#4F8DF0',1),
  ('GTD','GTD','#4ADE80',2)
on conflict (id) do update set name=excluded.name, color=excluded.color, sort=excluded.sort;

-- Season --------------------------------------------------------------------
insert into seasons (id, name, year, is_current, points_table, drop_weeks) values
  ('5ea50000-0000-0000-0000-000000000004','Season 4',2026,true,
   '[35,32,30,28,26,25,24,23,22,21,20,19,18,17,16,15,14,13,12,11]'::jsonb, 0)
on conflict (id) do nothing;

-- League settings -----------------------------------------------------------
insert into league_settings (id, name, tagline, timezone, discord_url, broadcast_url, rulebook_url, current_season_id)
values (1,'HCR League','Hardcore endurance racing','ET',
        'https://discord.gg/your-invite','https://twitch.tv/your-league','https://example.com/rulebook',
        '5ea50000-0000-0000-0000-000000000004')
on conflict (id) do update set current_season_id=excluded.current_season_id;

-- Tracks --------------------------------------------------------------------
insert into tracks (id, name, location, length_km, corners) values
  ('40acc000-0000-0000-0000-000000000001','Daytona Road Course','Daytona Beach, FL',5.6873,12),
  ('40acc000-0000-0000-0000-000000000002','Sebring International','Sebring, FL',6.019,17),
  ('40acc000-0000-0000-0000-000000000003','Watkins Glen','Watkins Glen, NY',5.552,11)
on conflict (id) do nothing;

-- Teams ---------------------------------------------------------------------
insert into teams (id, name) values
  ('7ea30000-0000-0000-0000-000000000001','Vortex Motorsport'),
  ('7ea30000-0000-0000-0000-000000000002','Crimson Racing'),
  ('7ea30000-0000-0000-0000-000000000003','Hairpin Collective'),
  ('7ea30000-0000-0000-0000-000000000004','Apex United')
on conflict (id) do nothing;

-- Drivers (people; stable identity) -----------------------------------------
insert into drivers (id, iracing_custid, name, country) values
  ('d0000000-0000-0000-0000-000000000001','100001','Lars Vandenberg','🇳🇱'),
  ('d0000000-0000-0000-0000-000000000002','100002','Mateo Rossi','🇮🇹'),
  ('d0000000-0000-0000-0000-000000000003','100003','Kai Nakamura','🇯🇵'),
  ('d0000000-0000-0000-0000-000000000004','100004','Noah Sullivan','🇮🇪'),
  ('d0000000-0000-0000-0000-000000000005','100005','Felix Brandt','🇩🇪'),
  ('d0000000-0000-0000-0000-000000000006','100006','Emil Bauer','🇩🇪'),
  ('d0000000-0000-0000-0000-000000000007','100007','Sofia Marchetti','🇮🇹'),
  ('d0000000-0000-0000-0000-000000000008','100008','Ryan Walsh','🇺🇸'),
  ('d0000000-0000-0000-0000-000000000009','100009','Diego Herrera','🇪🇸'),
  ('d0000000-0000-0000-0000-000000000010','100010','Owen Clarke','🏴󠁧󠁢󠁥󠁮󠁧󠁿'),
  ('d0000000-0000-0000-0000-000000000011','100011','Tomas Novak','🇨🇿')
on conflict (id) do nothing;

-- Entries (cars) for Season 4 -----------------------------------------------
-- Note #7 GTP is a two-driver entry (co-drivers) to exercise the lineup model.
insert into entries (id, season_id, number, class_id, team_id, car) values
  ('e0000000-0000-0000-0000-000000000007','5ea50000-0000-0000-0000-000000000004','7','GTP','7ea30000-0000-0000-0000-000000000001','Porsche 963'),
  ('e0000000-0000-0000-0000-000000000023','5ea50000-0000-0000-0000-000000000004','23','GTP','7ea30000-0000-0000-0000-000000000002','Cadillac V-Series.R'),
  ('e0000000-0000-0000-0000-000000000005','5ea50000-0000-0000-0000-000000000004','5','GTP','7ea30000-0000-0000-0000-000000000004','Acura ARX-06'),
  ('e0000000-0000-0000-0000-000000000038','5ea50000-0000-0000-0000-000000000004','38','LMP2','7ea30000-0000-0000-0000-000000000003','Dallara P217'),
  ('e0000000-0000-0000-0000-000000000021','5ea50000-0000-0000-0000-000000000004','21','LMP2','7ea30000-0000-0000-0000-000000000004','Dallara P217'),
  ('e0000000-0000-0000-0000-000000000033','5ea50000-0000-0000-0000-000000000004','33','GTD','7ea30000-0000-0000-0000-000000000003','Porsche 911 GT3 R (992)'),
  ('e0000000-0000-0000-0000-000000000017','5ea50000-0000-0000-0000-000000000004','17','GTD','7ea30000-0000-0000-0000-000000000002','Ferrari 296 GT3 EVO'),
  ('e0000000-0000-0000-0000-000000000009','5ea50000-0000-0000-0000-000000000004','9','GTD','7ea30000-0000-0000-0000-000000000001','BMW M4 GT3 EVO')
on conflict (id) do nothing;

insert into entry_drivers (entry_id, driver_id) values
  ('e0000000-0000-0000-0000-000000000007','d0000000-0000-0000-0000-000000000001'),
  ('e0000000-0000-0000-0000-000000000007','d0000000-0000-0000-0000-000000000010'),  -- co-driver of #7
  ('e0000000-0000-0000-0000-000000000023','d0000000-0000-0000-0000-000000000002'),
  ('e0000000-0000-0000-0000-000000000005','d0000000-0000-0000-0000-000000000003'),
  ('e0000000-0000-0000-0000-000000000038','d0000000-0000-0000-0000-000000000004'),
  ('e0000000-0000-0000-0000-000000000021','d0000000-0000-0000-0000-000000000005'),
  ('e0000000-0000-0000-0000-000000000033','d0000000-0000-0000-0000-000000000006'),
  ('e0000000-0000-0000-0000-000000000033','d0000000-0000-0000-0000-000000000011'),  -- co-driver of #33
  ('e0000000-0000-0000-0000-000000000017','d0000000-0000-0000-0000-000000000007'),
  ('e0000000-0000-0000-0000-000000000009','d0000000-0000-0000-0000-000000000008')
on conflict do nothing;

-- Events --------------------------------------------------------------------
insert into events (id, season_id, round, track_id, date, duration_h, status, sim_start_hour, time_mult, points_mult, min_drivers, max_drivers, notes) values
  ('e7000000-0000-0000-0000-000000000001','5ea50000-0000-0000-0000-000000000004',1,'40acc000-0000-0000-0000-000000000001','2026-03-14T13:30:00-04:00',6,'complete',13.5,1,1,2,4,'Season opener under the Florida sun into dusk.'),
  ('e7000000-0000-0000-0000-000000000002','5ea50000-0000-0000-0000-000000000004',2,'40acc000-0000-0000-0000-000000000002','2026-04-11T11:00:00-04:00',8,'complete',10.7,1,1,2,4,'The bumps of Sebring; tyre management is everything.'),
  ('e7000000-0000-0000-0000-000000000003','5ea50000-0000-0000-0000-000000000004',3,'40acc000-0000-0000-0000-000000000003','2026-05-09T12:00:00-04:00',6,'next',12,1,1,2,3,'Fast, flowing, and usually decided on strategy.')
on conflict (id) do nothing;

insert into sessions (event_id, type, start, dur_min, sort) values
  ('e7000000-0000-0000-0000-000000000001','Practice','2026-03-14T12:00:00-04:00',45,0),
  ('e7000000-0000-0000-0000-000000000001','Qualify','2026-03-14T13:00:00-04:00',15,1),
  ('e7000000-0000-0000-0000-000000000001','Race','2026-03-14T13:30:00-04:00',360,2),
  ('e7000000-0000-0000-0000-000000000003','Practice','2026-05-09T10:30:00-04:00',45,0),
  ('e7000000-0000-0000-0000-000000000003','Qualify','2026-05-09T11:30:00-04:00',15,1),
  ('e7000000-0000-0000-0000-000000000003','Race','2026-05-09T12:00:00-04:00',360,2);

insert into weather (event_id, at_hour, air_f, sky, precip, wind_mph, humidity, sort) values
  ('e7000000-0000-0000-0000-000000000003',12,74,'Partly cloudy',10,8,55,0),
  ('e7000000-0000-0000-0000-000000000003',15,71,'Cloudy',30,11,62,1),
  ('e7000000-0000-0000-0000-000000000003',18,64,'Clear',0,6,70,2);

-- Round 1 results (rich) ----------------------------------------------------
insert into results (id, event_id, entry_id, class_id, number, pos, cls_pos, grid, inc, laps, total_time, gap, best_lap, status, points, adjust) values
  ('40010000-0000-0000-0000-000000000007','e7000000-0000-0000-0000-000000000001','e0000000-0000-0000-0000-000000000007','GTP','7',1,1,1,2,241,'6:00:14.301','—','1:35.433','Running',35,0),
  ('40010000-0000-0000-0000-000000000023','e7000000-0000-0000-0000-000000000001','e0000000-0000-0000-0000-000000000023','GTP','23',2,2,3,5,241,'6:00:46.166','0:32.865','1:35.612','Running',32,0),
  (gen_random_uuid(),'e7000000-0000-0000-0000-000000000001','e0000000-0000-0000-0000-000000000005','GTP','5',3,3,5,4,240,null,'1 LAP','1:35.864','Running',30,0),
  (gen_random_uuid(),'e7000000-0000-0000-0000-000000000001','e0000000-0000-0000-0000-000000000038','LMP2','38',4,1,6,3,236,null,'5 LAPS','1:38.221','Running',35,0),
  (gen_random_uuid(),'e7000000-0000-0000-0000-000000000001','e0000000-0000-0000-0000-000000000021','LMP2','21',5,2,8,7,235,null,'6 LAPS','1:38.540','Running',32,0),
  (gen_random_uuid(),'e7000000-0000-0000-0000-000000000001','e0000000-0000-0000-0000-000000000033','GTD','33',6,1,10,6,228,null,'13 LAPS','1:44.612','Running',35,0),
  (gen_random_uuid(),'e7000000-0000-0000-0000-000000000001','e0000000-0000-0000-0000-000000000017','GTD','17',7,2,12,8,228,null,'13 LAPS','1:44.788','Running',32,0),
  (gen_random_uuid(),'e7000000-0000-0000-0000-000000000001','e0000000-0000-0000-0000-000000000009','GTD','9',8,3,9,11,214,null,'27 LAPS','1:45.108','DNF',30,-2);

-- Round 2 results (points + best lap) ---------------------------------------
insert into results (event_id, entry_id, class_id, number, pos, cls_pos, grid, inc, laps, best_lap, status, points, adjust) values
  ('e7000000-0000-0000-0000-000000000002','e0000000-0000-0000-0000-000000000023','GTP','23',1,1,2,3,300,'2:01.118','Running',35,0),
  ('e7000000-0000-0000-0000-000000000002','e0000000-0000-0000-0000-000000000007','GTP','7',2,2,1,4,300,'2:01.330','Running',32,0),
  ('e7000000-0000-0000-0000-000000000002','e0000000-0000-0000-0000-000000000005','GTP','5',3,3,3,6,299,'2:01.740','Running',30,0),
  ('e7000000-0000-0000-0000-000000000002','e0000000-0000-0000-0000-000000000021','LMP2','21',4,1,5,5,293,'2:05.900','Running',35,0),
  ('e7000000-0000-0000-0000-000000000002','e0000000-0000-0000-0000-000000000038','LMP2','38',5,2,4,4,292,'2:06.210','Running',32,0),
  ('e7000000-0000-0000-0000-000000000002','e0000000-0000-0000-0000-000000000017','GTD','17',6,1,11,7,284,'2:11.040','Running',35,0),
  ('e7000000-0000-0000-0000-000000000002','e0000000-0000-0000-0000-000000000033','GTD','33',7,2,10,6,284,'2:11.260','Running',32,0),
  ('e7000000-0000-0000-0000-000000000002','e0000000-0000-0000-0000-000000000009','GTD','9',8,3,9,9,281,'2:11.880','Running',30,0);

-- A couple of lap charts for the R1 leaders (drives the profile lap graph) ---
insert into laps (result_id, lap, time, sec) values
  ('40010000-0000-0000-0000-000000000007',1,'1:41.810',101.810),
  ('40010000-0000-0000-0000-000000000007',2,'1:35.900',95.900),
  ('40010000-0000-0000-0000-000000000007',3,'1:35.712',95.712),
  ('40010000-0000-0000-0000-000000000007',4,'1:35.861',95.861),
  ('40010000-0000-0000-0000-000000000007',5,'1:35.673',95.673),
  ('40010000-0000-0000-0000-000000000007',6,'1:35.443',95.443),
  ('40010000-0000-0000-0000-000000000007',7,'2:35.591',155.591),
  ('40010000-0000-0000-0000-000000000007',8,'1:43.318',103.318),
  ('40010000-0000-0000-0000-000000000007',9,'1:36.090',96.090),
  ('40010000-0000-0000-0000-000000000007',10,'1:35.862',95.862),
  ('40010000-0000-0000-0000-000000000023',1,'1:42.040',102.040),
  ('40010000-0000-0000-0000-000000000023',2,'1:36.518',96.518),
  ('40010000-0000-0000-0000-000000000023',3,'1:36.251',96.251),
  ('40010000-0000-0000-0000-000000000023',4,'1:35.880',95.880),
  ('40010000-0000-0000-0000-000000000023',5,'1:35.766',95.766),
  ('40010000-0000-0000-0000-000000000023',6,'1:35.612',95.612),
  ('40010000-0000-0000-0000-000000000023',7,'2:41.983',161.983),
  ('40010000-0000-0000-0000-000000000023',8,'1:46.215',106.215),
  ('40010000-0000-0000-0000-000000000023',9,'1:35.805',95.805),
  ('40010000-0000-0000-0000-000000000023',10,'1:35.933',95.933);

-- Past champions archive (shows on the Records page later) -------------------
insert into champions (season_name, year, class_id, kind, label, sort) values
  ('Season 3',2025,'GTP','driver','Mateo Rossi',0),
  ('Season 3',2025,'LMP2','driver','Noah Sullivan',1),
  ('Season 3',2025,'GTD','driver','Emil Bauer',2);
